<?xml version="1.0" encoding="UTF-8"?>
<form>
    <fieldset name="basic">
        <field name="text" type="text"
            default="Sign up"
            hint="Sign up"
            label="COM_CONVERTFORMS_BUTTON_TEXT"
            description="COM_CONVERTFORMS_BUTTON_TEXT_DESC"
        />
		<field name="align" type="list"
            label="COM_CONVERTFORMS_BUTTON_ALIGN"
            description="COM_CONVERTFORMS_BUTTON_ALIGN_DESC"
            showon="size:cf-width-auto,cf-one-third,cf-one-half"
            default="left">
                <option value="left">NR_LEFT</option>
                <option value="center">NR_CENTER</option>
                <option value="right">NR_RIGHT</option>
        </field> 
        <field name="fontsize" type="nrnumber"
            addon="px"
            default="16"
            min="12"
            step="2"
            label="COM_CONVERTFORMS_BTN_FONT_SIZE"
            description="COM_CONVERTFORMS_BTN_FONT_SIZE_DESC"
        />
        <field name="bg" type="color" 
            label="NR_BACKGROUND_COLOR"
            description="NR_BACKGROUND_COLOR_DESC"
            default="#4585f4"
        />
        <field name="textcolor" type="color" 
            label="NR_TEXT_COLOR"
            description="NR_COLOR_DESC"
            default="#fff"
        />
        <field name="borderradius" type="nrnumber"
            addon="px"
            default="3"
            min="0"
            step="1"
            label="COM_CONVERTFORMS_BORDER_RADIUS"
            description="COM_CONVERTFORMS_BORDER_RADIUS_DESC"
        />
        <field name="vpadding" type="nrnumber"
            addon="px"
            default="13"
            min="0"
            label="COM_CONVERTFORMS_VPADDING_SIZE"
            description="COM_CONVERTFORMS_PADDING_DESC"
        />
        <field name="hpadding" type="nrnumber"
            addon="px"
            default="20"
            min="0"
            label="COM_CONVERTFORMS_HPADDING_SIZE"
            description="COM_CONVERTFORMS_PADDING_DESC"
        />
    </fieldset>
</form>