<?xml version="1.0" encoding="UTF-8"?>
<form>
	<fieldset name="restrictions">
	    <field name="inputmask" type="inputmask"
	    	label="COM_CONVERTFORMS_INPUT_MASK"
	    	description="COM_CONVERTFORMS_INPUT_MASK_DESC"
	    />
        <field name="readonly" type="nrtoggle" 
            label="COM_CONVERTFORMS_READONLY"
            description="COM_CONVERTFORMS_READONLY_DESC"
		/>
        <field name="minchars" type="nrnumber"
        	label="COM_CONVERTFORMS_MIN_CHARS"
        	description="COM_CONVERTFORMS_MIN_CHARS_DESC"
        	default="0"
        	min="0"
        />
        <field name="maxchars" type="nrnumber"
        	label="COM_CONVERTFORMS_MAX_CHARS"
        	description="COM_CONVERTFORMS_MAX_CHARS_DESC"
        	default="0"
        	min="0"
        />
        <field name="minwords" type="nrnumber"
        	label="COM_CONVERTFORMS_MIN_WORDS"
        	description="COM_CONVERTFORMS_MIN_WORDS_DESC"
        	default="0"
        	min="0"
        />
        <field name="maxwords" type="nrnumber"
        	label="COM_CONVERTFORMS_MAX_WORDS"
        	description="COM_CONVERTFORMS_MAX_WORDS_DESC"
        	default="0"
        	min="0"
        />
	</fieldset>
	<fieldset name="advanced">
        <field name="filter" type="list"
            label="COM_CONVERTFORMS_FIELD_FILTER"
            description="COM_CONVERTFORMS_FIELD_FILTER_DESC"
            default="html">
            	<option value="safehtml">JLIB_FILTER_PARAMS_SAFEHTML</option>
            	<option value="html">JLIB_FILTER_PARAMS_TEXT</option>
            	<option value="raw">JLIB_FILTER_PARAMS_RAW</option>
            	<option value="alnum">JLIB_FILTER_PARAMS_ALNUM</option>
            	<option value="word">NR_FILTER_PARAMS_WORD</option>
            	<option value="integer">JLIB_FILTER_PARAMS_INTEGER</option>
            	<option value="float">JLIB_FILTER_PARAMS_FLOAT</option>
        </field>
	</fieldset>
</form>